<?xml version="1.0" encoding="UTF-8"?>
<config xmlns:xsi="http://www.w3.org/2001/XMLSchema-instance" xsi:noNamespaceSchemaLocation="urn:magento:framework:Mview/etc/mview.xsd">
    <view id="mst_sorting" class="Mirasvit\Sorting\Model\Indexer" group="indexer">
        <subscriptions>
            <table name="catalog_product_entity" entity_column="entity_id"/>
            <table name="catalog_product_entity_datetime" entity_column="entity_id"/>
            <table name="catalog_product_entity_decimal" entity_column="entity_id"/>
            <table name="catalog_product_entity_gallery" entity_column="entity_id"/>
            <table name="catalog_product_entity_int" entity_column="entity_id"/>
            <table name="catalog_product_entity_media_gallery" entity_column="value_id"/>
            <table name="catalog_product_entity_media_gallery_value" entity_column="entity_id"/>
            <table name="catalog_product_entity_text" entity_column="entity_id"/>
            <table name="catalog_product_entity_tier_price" entity_column="entity_id"/>
            <table name="catalog_product_entity_varchar" entity_column="entity_id"/>
            <table name="catalog_product_index_price" entity_column="entity_id"/>
            <table name="sales_order_item" entity_column="product_id"/>
        </subscriptions>
    </view>
</config>
