<?xml version="1.0" encoding="UTF-8"?>
<widgets xmlns:xsi="http://www.w3.org/2001/XMLSchema-instance" xsi:noNamespaceSchemaLocation="urn:magento:module:Magento_Widget:etc/widget.xsd">
    <widget id="products_list" class="Magento\CatalogWidget\Block\Product\ProductsList" is_email_compatible="true" placeholder_image="Magento_CatalogWidget::images/products_list.png" ttl="86400">
        <label translate="true">Catalog Products List</label>
        <description translate="true">List of Products</description>
        <parameters>
            <parameter name="sort_by" xsi:type="select" required="false" visible="true" source_model="Mirasvit\Sorting\Model\Config\Source\CriteriaSource">
                <label translate="true">Sort By</label>
            </parameter>
        </parameters>
    </widget>
</widgets>
